bnf_code,name,items,net_cost
090402000BBZGA0,Aymes Shake_Pdr Sach 57g (Choc),2100,35708.4
21220000227,Zerolatum Bath Add,2277,11883.99
21220000233,Cetraben Crm 50g,3703,25562.71
1202010M0AAACAC,Fluticasone Prop_Nsl Spy 50mcg (150 D),33827,273936.93
20090000941,CliniFast 7.5cm x 5m (Blue) Stkntte Elasctd Viscose Tublr,3097,23247.0
20090000456,Unspecified Stkntte 7.5cm x 1m Elasctd Tublr Band,390,1138.86
0206010F0AACJCJ,Glyceryl Trinit_Sub P/Spy 400mcg (200D),12913,46230.35
20090000462,Unspecified Stkntte 12cm x 1m Elasctd Tublr Band,396,1779.26
21300000188,Ocufresh 0.3% Eye Dps 10ml,25,48.0
090402000BBZEA0,Aymes Shake_Pdr Sach 57g (Banana),6630,155859.6
20090000506,Tubifast 2-Way Stch 5cm x 3m (Green) Stkntte Elasctd Viscose,45,190.08
21220000263,AproDerm Gel 500g,2004,9192.96
21300000117,Lumecare Hypromellose Eye Dps 0.3% 10ml,234,613.47
21140000009,Cathejell Mono Lubricant Gel 12.5g,1284,3189.42
21220000277,Zeroveen Crm 500g,11997,78756.98
23453374513,Respond_Neutralise Blackberry P/Spy 100ml,229,2981.44
1104020ABBCACAB,Optrex_Sore Eyes Eye Dps,169,742.9
20090000337,Comfigrip 8.75cm x 1m Stkntte Elasctd Tublr Band,33,108.36
21300000121,Lumecare Tear Drops Hypromellose Eye Dps 10ml,330,311.26
0601040I0BDABA0,GSF-Syrup_Gel Sach 18g (Mixed),102,1873.38
0309020G0AAAGAG,Guaifen/Pseudoeph_OralSoln100mg/30mg/5ml,54,262.08
21220000305,Flamigel RT Gel 250g,69,1482.0
20100000568,Chemipore 2.5cm x 10m Surg Adh Tape Perm Non-Wov Syn,8,8.4
090402000BBZFA0,Aymes Shake_Pdr Sach 57g (Chkn),98,1386.7
21220000271,AquaDerm Liq Par 50%/WSP Oint 250g,12,42.0
0906040G0AABKBK,"Colecal_Cap 5,000u (Old)",27,1509.3
21220000267,AquaDerm Aq Crm 100g,5,7.9
20090000546,Acti-Fast 2-Way Stch 20cmx5m(Purple) Stkntte Elasctd V/Tublr,25,899.92
0503010ANBBAAAA,Atripla_Tab 600mg/200mg/245mg,1,532.87
20070000120,Lint Absorbent 500g,10,428.06
0905013F0BIAAAD,Solgar_Mag Cit Tab 200mg,8,59.85
0601040I0BDACA0,GSF-Syrup_Gel Sach 18g (Orange),43,958.66
0906031C0AAALAL,Ascorbic Acid_Tab Chble 500mg,5,8.32
1001030C0AAAIAI,Hydroxychlor Sulf_Liq Spec 200mg/5ml,10,600.82
091101000BBUSFG,Phenylalanine 50_Pdr Sach 4g,18,5180.4
0601012D0AABABA,Ins Bip Isophane_30/70 100u/ml 3ml Cart,4,68.69
20090001241,Surgrip 10cm x 1m Stkntte Elasctd Tublr Band,1,6.0
1304000T0BBAHCD,Haelan_Tape 7.5cm x 200cm,1,24.95
20200000175,DermaSilk Brief Adult (Fle) XSml-Sml Silk Garment,1,126.12
090607000BBJEBB,Premier_Multivit Tab,4,4.2
091101000BBRVDQ,HealthAid_L-Arginine Tab 500mg,1,10.94
20090001252,Flexifast 10.75cm x 3m (Yellow)Stkntte Elasctd Viscose Tublr,1,3.14
091200000BFIYA0,Jointace_Chondroitin & Glucosamine Tab,2,34.2
091200000BCUFA0,Kira_St Johns Wort Tab 300mcg,2,18.0
090607000BBLVBB,Numark_Vit B Comp Tab,1,0.53
091000000BBKGA0,Premier_Multivit & Mineral Cap,1,1.66
091000000BBXJA0,Centrum Women_Tab,1,5.06
0501120Q0AAABAB,Norfloxacin_Tab 400mg (Spec),4,600.0
21220000247,Pure Health Liq Par 50%/WSP Oint,4,14.64
20090000685,CLINIgrip 17.5cm x 1m Stkntte Elasctd Tublr Band,2,48.6
091000000BBWKA0,AquADEKS_Cap,1,636.61
0302000N0BBAXBA,Flixotide_Evohaler 125mcg (120 D),1614,41775.9
0407010H0AAAAAA,Paracet_Cap 500mg,61869,207848.16
091000000BBKSA0,Sanatogen Complete_A-Z Tab OAD,8503,23990.94
21230000101,ReplensMD Vag Moist 6D Pack,3178,40308.72
21210000014,A.S Saliva Orthana Spy 50ml (App),2309,16580.4
21220000294,Epimax Oint 500g,4502,14452.34
20090000487,Comfifast 10.75cm x 5m (Yellow)Stkntte Elasctd Viscose Tublr,10087,127314.31
1502010J0BDABBR,Instillagel_Gel 11ml Pfs,4143,34421.68
1202010Y0BBAAAA,Dymista_Nsl Spy 50mcg/137mcg (120 D),15323,247796.4
090402000BBZJA0,Aymes Shake_Pdr Sach 57g (Vanilla),3293,64660.2
23800298006,Aspen_Sorbaderm Barrier Crm 28g,3101,14461.2
090402000BBYFA0,Fortisip Compact Protein_S/Pack Liq,176,13284.0
21220000268,AquaDerm Aq Crm,56,252.97
21300000700,Lumecare Carbomer Eye Gel 0.2%,1586,3532.77
0302000R0AAABAB,Mometasone Fur_Pdr For Inh 200mcg (60 D),66,1922.44
20090000499,Acti-Fast 2-Way Stch 10.75cmx5m(Yell)Stkntte Elasctd V/Tublr,2034,26439.96
21220000258,ExoCream 350g,37,161.61
20090000507,Tubifast 2-Way Stch 7.5cm x 3m (Blue) Stkntte ElasctdViscose,188,715.86
20030500102,Iodoflex Paste 17g Wound Dress H/Gel Ster,75,5024.45
21300000191,Sai-Meds Hypromellose 0.5% Eye Dps 10ml,55,52.65
21140000024,OptiLube Active CHG Free Syrg Lubricant Gel 11ml,252,947.6
091000000BBLWA0,Sanatogen_Vital 50+ Tab OAD,335,915.17
21430000101,Relaxit Micro-Enem 5ml Tube,173,1535.67
23454104508,Salts_No-Roma Deod 227ml,45,855.9
090402000BBMVA0,Tentrini Pack_G/F Energy Feed,157,47654.4
090607000BBKLA0,Centrum Performance_Tab,88,494.33
0408010H0BBAJAB,Lamictal_Tab 50mg (Non-Valpr),4,170.91
20090001036,Comfifast MultiStretch 2-way Stch 10.75cmx3m (Yell) Stkntte,31,148.33
20090000474,easiGRIP 10cm x 1m Stkntte Elasctd Tublr Band,14,67.84
091200000BEJYA0,Equazen Eye Q_Family Cap,50,187.56
0906040G0AABCBC,"Colecal_Cap 10,000u (Old)",47,1760.27
0906050P0CRABAK,Valupak_Vit E Cap 100u,39,65.12
0302000R0BBADAD,Asmanex Twisthaler_D/P Inh 400mcg (60 D),21,829.15
21300000152,Cellusan Light 0.5% Carmellose Eye Dps 0.4ml Ud P/F,81,732.17
130202000BBAZA0,Derma Shield_Skin Prote Mousse 150ml,5,98.14
091000000BBVTA0,Viteyes 2_Advanced Cap,26,614.99
090402000BBCEA0,Peptamen_Liq Diet (Vanilla),35,6669.96
0401010ADAABPBP,Melatonin_Tab 3mg (Old),10,516.41
20090000916,Easifast 10.75cm x 3m(Yellow) Stkntte Elasctd Viscose Tublr,1,4.27
20030500084,SurgihoneyRO 50g Wound Dress H/Gel Ster,16,684.0
23800108014,Hollister_Adapt Paste 14g,13,1200.91
21300000166,Lumecare Singles Carmellose 0.5% Eye Dps 0.4ml Ud,29,161.28
091200000BFRCA0,Cardioace_Tab,2,21.46
0101012B0AAAUAU,Sod Bicarb_Liq Spec 420mg/5ml,2,796.0
030902000BEDSAZ,Buttercup_Bronchostop Cough Syr,1,3.87
0906040G0AABPBP,"Colecal_Cap 2,500u (Old)",1,5.49
091200000AAEXEX,Copper Cit_Cap 2mg (Old),2,17.12
091000000BBTAA0,ICaps_Tab,9,120.23
0906022K0AAAAAA,Nicotinamide_Tab 50mg,6,690.12
0902021S0BJAGAZ,Macoflex_Sod Chlor I/V Inf 0.9% 1L,1,112.2
0205051I0AABFBF,Enalapril Mal_Oral Soln 1.25mg/5ml,2,407.16
0906040G0AAAUAU,"Colecal_Oral Susp 15,000u/5ml",3,1487.3
1310020A0AAACAC,Amorolfine HCl_Nail Lacquer Kit 5% 3ml,1,11.72
0906011H0AAAIAI,Cod Liver Oil_Cap 320mg,3,2.22
0906060Q0AABABA,Phytomenadione_Cap 10mg (Old),1,992.0
1311030D0BCAAAF,Dettol_Antis Wsh P/Spy 100ml,2,3.86
091200000BFSAFE,H/Nature_MSM Tab 1000mg,2,6.42
091000000BBWPA0,Viteyes 2 + Omega 3_Cap,5,175.96
20040200110,Absorbent Cott Gz 90cm x 3m Ster,3,19.76
0408010H0BBAIAC,Lamictal_Tab 25mg (Valpr),2,22.05
090401000BBLDA0,Neocate Advance_Pdr Sach 50g (Flav),1,207.48
20031700269,1 Primary 17ml Spy Wound Dress Protease Matrix,3,126.72
091101000BBUPDU,L-Citrulline_Pdr,2,1211.2
090607000BBCJBB,Orovite_High-Pot B & C Vit Tab,1,7.57
20090000907,Easifast 5cm x 5m (Green) Stkntte Elasctd Viscose Tublr,1,3.42
21300000309,Teardew 0.5% Hypromellose Eye Dps 10ml,1,0.81
21220000252,Isomol Gel 500g,20897,66480.03
1304000T0AACECE,Fludroxycortide_Tape 7.5cm x 20cm,3598,137908.97
20031400016,Dermatix Gel 60g Wound Dress Slc,91,6328.44
0703010E0AAABAB,Ethinylest/Desogestrel_Tab 20mcg/150mcg,1685,12809.79
21130000111,Uro-Tainer NaCl 100ml Cath Maint Soln,857,34179.18
091000000BBRUBR,Vega_Calc Plus Vit D Tab,27,155.91
090402000BBZHA0,Aymes Shake_Pdr Sach 57g (Neutral),1104,20986.2
20090000484,Comfifast 7.5cm x 5m (Blue) Stkntte Elasctd Viscose Tublr,3820,25020.53
20031400030,ScarSil Gel 30ml Wound Dress Slc,143,3569.65
090607000BBIKBB,Valupak_Multivit Tab OAD,9378,3607.4
090402000BBNLA0,Fresubin Energy_Liq (8 Flav),6606,228128.6
090402000BBMYA0,Tentrini Pack_G/F M/Fibre Feed,162,57644.4
20090000222,Tubigrip 12cm x 1m Stkntte Elasctd Tublr Band,557,4514.71
091200000BEZVEL,Valupak_Glucosam/Chond Tab 400mg/100mg,11,20.83
0101021B0BEAUA0,Gaviscon P/Mint_Tab Chble,878,5475.09
20090000492,Acti-Fast 2-Way Stch 5cm x 3m(Green) Stkntte Elasctd V/Tublr,10,24.75
20090000481,Comfifast 5cm x 5m (Green) Stkntte Elasctd Viscose Tublr,151,949.78
20090001032,Comfifast MultiStretch 2-way Stch 7.5cmx5m (Blue) Stkntte,241,1935.5
20090001031,Comfifast MultiStretch 2-way Stch 7.5cmx3m (Blue) Stkntte,23,64.4
20090000938,CliniFast 5cm x 5m (Green) Stkntte Elasctd Viscose Tublr,139,831.64
21300000189,Sai-Meds Hypromellose 0.3% Eye Dps 10ml,146,159.39
0302000R0AAADAD,Mometasone Fur_Pdr For Inh 400mcg (60 D),53,2386.81
20030500015,IntraSite Gel 25g Wound Dress H/Gel Ster,78,1905.12
0902021S0AADDDD,Sod Chlor_I/V Inf 0.9% 100ml         @gn,19,383.9
091000000BBPLA0,HealthAid_Multivit + Mineral A-Z Tab,8,32.23
20010000102,Absorbent Cott Wool BP 100g,23,136.04
0309020H0BHAEAH,Tixylix Baby_Syr S/F,33,70.62
091000000BBUZA0,Visionace_Tab,89,415.01
090504700BBDXA0,Cytoplan_Selenium Tab 100mcg,1,7.3
21300000132,Melophthal 1% Carmellose Eye Dps 0.4ml Ud,39,186.15
0704030J0AAAHAH,Sod Cit_Pdr Sach 4g,48,261.8
0906026M0AAAXAX,Thiamine HCl_Oral Soln 50mg/5ml,3,725.64
040701000BBAJAB,4Head_Top Headache Relief Stick,26,207.2
1001040C0AAALAL,Allopurinol_Oral Soln 300mg/5ml,10,556.57
20090000339,Comfigrip 10cm x 1m Stkntte Elasctd Tublr Band,32,210.42
0601040I0BDAAA0,GSF-Syrup_Gel Sach 18g (Peppermint),4,77.33
20090000553,Unspecified Stkntte 17.5cm x 1m Elasctd Tublr Band,15,145.8
0606020T0AAAFAF,Sod Clodronate_Cap 400mg             @gn,2,65.26
0403010J0AAAJAJ,Dosulepin HCl_Tab 25mg,1,6.6
0404000R0AAADAD,Modafinil_Oral Soln 100mg/5ml,3,276.4
091101000BBUTFI,L-Arginine_Supp Pdr,4,549.72
23806008003,C D Medical_Clinifilm Barrier Crm 28g,4,41.34
0902021S0BKADAY,Easyflex N_Sod Chlor I/V Inf 0.9% 500ml,8,27.12
0902021S0BCABAX,Polyfusor S_Sod Chlor 0.9% 1L Btl,4,233.35
1304000T0BBAICE,Haelan_Tape 7.5cm x 20cm,4,185.1
20090000770,Eesiban ESTS 7.5cm x 1m Stkntte Elasctd Tublr Band,2,31.54
091000000BBWZA0,Multibionta_Vitality Multivit Tab,1,6.57
0408010W0AAAZAZ,Sod Valpr_Tab 200mg M/R,5294,37535.68
20031700014,Flaminal Forte 50g Tube Wound Dress Protease Matrix,1651,78638.18
090402000BBDNA0,Seravit_Paed Mix P/Apple,208,10141.25
21220000279,Aquadrate Crm 10% 100g (App),1373,9301.6
20100000597,Hypafix 10cm x 5m Surg Adh Tape Perm Non-Wov Syn,467,1767.72
23800908019,CliniMed_LBF Ster No Sting Barrier Film Spy 50ml,286,5075.82
23153061502,Medicareplus_Lifteez N/Sting Medic Adh/Rem A/Spy 50ml,174,2228.8
21300000128,Carmize 1% Carmellose Eye Dps 0.4ml Ud P/F,510,3618.8
090402000BBINA0,Nutrini Pack_M/Fibre Liq Feed,341,117705.67
21220000278,Aquadrate Crm 10% 30g (App),50,108.24
091000000BBSTA0,Pregnacare_Tab,633,4799.93
090402000BBIRA0,Nutrison Pack_M/Fibre,382,104433.34
091000000BBVFA0,Preservision_Original Cap,280,2546.97
20090000483,Comfifast 7.5cm x 3m (Blue) Stkntte Elasctd Viscose Tublr,259,989.86
20030500081,ActivHeal Hydrogel 8g Wound Dress H/Gel Ster,97,756.45
20090000454,Unspecified Stkntte 6.75cm x 1m Elasctd Tublr Band,154,278.88
0302000R0BBABAB,Asmanex Twisthaler_D/P Inh 200mcg (60 D),48,1294.7
21220000221,Arjun Crm 1% (Appl),125,1531.84
0902021S0BKAEAZ,Easyflex N_Sod Chlor I/V Inf 0.9% 1L,11,172.32
180300000BMACA0,Gastrografin_Soln,12,1697.5
20100000736,Chemifix 2.5cm x 10m Surg Adh Tape Perm Non-Wov Syn,25,28.0
21300000705,EyeGel 0.2% Carbomer Eye Gel 10g,32,109.2
21220000220,Arjun Crm 0.5% (Appl),41,602.82
20090000495,Acti-Fast 2-Way Stch 7.5cmx3m (Blue) Stkntte Elasctd V/Tublr,71,275.59
0902012H0BWACA0,O.R.S Oral Rehyd Salts_Tab Solb Sbery,13,68.91
0212000K0AAABAB,Colestipol HCl_Pdr Sach 0.2% 5g,18,455.51
20090000812,Coverflex 7.5cm x 5m (Blue) Stkntte Elasctd Viscose Tublr,25,320.32
091000000BBWNA0,Viteyes_Omega Blend Cap,8,217.92
20090000476,easiGRIP 12cm x 1m Stkntte Elasctd Tublr Band,19,97.5
0906022K0BFAAAP,Lamb_Nicotinamide Tab 250mg (8054),30,201.6
20030300023,Medihoney A-Bact Honey 50g Wound Dress H/Base Top Applic,40,917.24
0205051F0AABWBW,Captopril_Liq Spec 25mg/5ml,5,1383.67
1003020AAAAAFAF,Capsaicin_Crm 0.075% (Spec),5,405.67
0408010ADAAADAD,Zonisamide_Oral Soln 50mg/5ml,12,4243.83
21300000308,Teardew 0.3% Hypromellose Eye Dps 10ml,4,4.95
091000000BBUUA0,Menopace_Tab,15,103.76
0906040G0AAAHAH,"Colecal_Cap 3,000u (Old)",9,421.39
0407020A0AABRBR,Fentanyl_Nsl Spy 100mcg/0.1ml Ud (6D),1,107.1
0904010G0AAABAB,Fructose_Pdr (Spec),1,231.0
21012400113,Hedrin Once Liq Gel 250ml,3,41.6
0304010J0AAAAAA,Hydroxyzine HCl_Oral Soln 10mg/5ml (Old),1,252.47
0905013G0AADGDG,Mag Glycerophos_OralSoln121.25mg/5mlSpec,5,973.46
0906027G0AAABAB,Vit B Co Strong_Tab,143969,471005.47
23453374515,Respond_Neutralise Grapefruit P/Spy 100ml,86,1261.28
21220000130,Hydromol Bath & Shower Emollient 1L (App),876,9321.92
130201000BBJZCD,Oilatum_Crm (New Form) (Liq),12510,76163.22
0702020H0AAAEAE,Econazole Nit_Pess 150mg + Applic,35,431.73
090402000BBDMA0,Seravit_Paed Mix Unflav,511,21171.71
091102000BBGMBQ,Colief_Infant Dps,1048,15775.2
0404000M0AAANAN,Methylphenidate HCl_Tab 36mg M/R,843,45762.71
21220000122,GlucoRx Allpresan Diabetic Foam Crm Basic 300ml,304,2973.75
21220000129,Hydromol Bath & Shower Emollient 500ml (App),4914,27592.87
091000000BBVZA0,ICaps OAD_Tab,971,9816.9
21140000003,Aquagel Lubri Jelly Sach 5g,476,3956.49
1502010J0AABRBR,Lido HCl 2%/Chlorhex_Gel 11ml Pfs,203,2636.7
0107010N0BFAAAJ,Germoloids_Crm,300,1594.9
21220000222,Arjun Crm 2% (Appl),56,865.98
090602700BBDNA0,Valupak_Vit B Comp Tab OAD,250,76.4
20090000937,CliniFast 5cm x 3m (Green) Stkntte Elasctd Viscose Tublr,25,61.27
23803378010,Respond_Guard Non Sting Barrier Film Spy 50ml,219,3887.25
23800778001,BSN_Cutimed Prote Crm 90g,1995,16021.2
0902021S0BKABCJ,Easyflex N_Sod Chlor I/V Inf 0.9% 100ml,1,249.6
090504100BBHDBB,Vega_Zn Cit V/Cap 50mg,12,59.33
20090000486,Comfifast 10.75cm x 3m (Yellow)Stkntte Elasctd Viscose Tublr,644,4300.01
20090000216,Tubigrip 7.5cm x 1m Stkntte Elasctd Tublr Band,349,1980.67
21220000123,GlucoRx Allpresan Diabetic Foam Crm Intensive 300ml,451,4494.75
21130000103,Optiflo R Cath Maint Soln 100ml,280,9029.22
21220000310,MyriBase Gel 500ml,736,3758.08
091000000BBVXA0,Ocuvite Complete_Cap,376,2957.31
091000000BBPPA0,Valupak_Multivit & Mineral Tab OAD,2426,1990.82
0607020P0BBAAAA,Synarel_Nsl Spy 200mcg (60 Metrd D),27,1835.05
20090000333,Comfigrip 6.75cm x 1m Stkntte Elasctd Tublr Band,8,14.04
23453374517,Respond_Neutralise Cinnamon & Sandalwood P/Spy 100ml,116,1496.87
090501100BBBRA0,Osteocare_Liq,114,683.43
20030500061,AquaForm H/Gel 8g Wound Dress Ster,169,2433.19
090402000BDANA0,Nutricrem_S/Pack Dessert 500g,37,1518.14
0407010H0CIABAM,Lloyds_Paracet Capl 500mg,2,63.21
040801050AAAZAZ,Topiramate_Oral Susp 100mg/5ml,4,1213.64
0204000M0AAAFAF,Nadolol_Oral Soln 30mg/5ml,2,179.63
0905013F0BHAAAC,Lamb_MagAsorb Tab 150mg (8239),4,32.91
1202010M0AAADAD,Fluticasone Prop_Nsl Spy 50mcg (60 D),4,19.83
120305000BBAYA0,Xerostom_Dry Mth Spy,13,47.69
21220000290,ExmaQS Crm 500g,9,26.55
21012400115,Hedrin Once Spy Gel 100ml,3,27.32
1203030A0AAAAAA,Dichlor Alc/Amylmet_Loz 1.2mg/600mcg,3,12.25
0205051I0AAAUAU,Enalapril Mal_Oral Soln 10mg/5ml,3,1293.99
20090000681,CLINIgrip 10cm x 1m Stkntte Elasctd Tublr Band,4,25.4
0905013G0AADIDI,Mag Glycerophos_Oral Soln 97.2mg/5ml,1,75.74
091200000BEKMA0,Lamb_Florisene Tab (8440),2,21.78
091200000BFLTFG,Adios_Max Tab,2,3.64
091000000BBKRA0,Centrum Advance_Multivit/Mineral Tab,2215,7790.21
090402000BBGXA0,Nutrison Pack_Conc Liq,690,271235.45
21300000704,Xailin Carbomer Eye Gel 10g,9070,36820.44
090401000BBLKA0,Calogen_Emuls (Banana),369,22163.96
21220000125,AproDerm Colloidal Oat Crm 500ml,7455,48178.36
21300000703,Artelac Nighttime Carbomer Eye Gel,1338,5141.52
23803108006,3m Health Care_Cavilon Durable Barrier Crm 92g,31552,251428.39
21220000135,Epaderm Junior Crm 150g,266,1490.08
23804858001,Thornton & Ross_Zerolon Barrier Crm 92g,1345,7316.76
090402000BBHBA0,Nutrison Pack_Soya,138,47443.98
0906040G0AABRBR,Colecal_Tab 400u (Spec),185,6174.01
20090000946,CliniFast 10.75cm x 3m (Yellow) Stkntte Elasctd ViscoseTublr,295,2144.02
0101021B0BEAWA0,Gaviscon Sbery_Tab Chble,247,1376.93
091000000BBVGA0,Preservision_Lutein Cap,459,4566.22
21220000275,Hydromol Sod Pidolate Crm 2.5% 500g (App),8898,119836.83
0106010E0AAAHAH,Ispag Husk_Gran Eff Sach 3.5g Orange S/F,1162,6337.42
090402000BBHPA0,Nutrison Peptisorb_Liq,296,113716.59
091000000BBTPA0,PreserVision_Tab,218,1908.58
20030500047,Prontosan Wound Gel X 50g Wound Dress H/Gel Ster,233,5347.54
21012500104,St Georges Olive Oil Ear Dps Ear Wax Softening Med Dev 20ml,22,59.4
21220000229,LPL 63.4 Bath Add and Emollient,2043,6961.12
20030500106,Iodosorb Oint 20g Wound Dress H/Gel Ster,129,2834.69
090401000BBBWA0,PKU Maxamum_Pdr (Orange),25,23093.28
21220000272,AquaDerm Liq Par 50%/WSP Oint 500g,41,164.03
0403040R0BEAAAK,HealthAid_5-HTP Tab 50mg,5,182.94
0106010E0AAANAN,Ispag Husk_Gran Eff Sach 3.5g Lem S/F,156,937.53
20090001027,Comfifast MultiStretch 2-way Stch 5cmx5m (Green) Stkntte,24,118.17
21220000295,KreaMoint 50:50 Oint 500g,78,304.02
0902021S0AAAXAX,Sod Chlor_I/V Inf 0.9% 1L Polyeth Btl,43,1500.62
20090000817,Coverflex 10.75cm x 5m (Yellow)Stkntte Elasctd Viscose Tublr,36,743.05
20031400026,Ciltech Gel 60g Wound Dress Slc,4,200.0
21220000266,Enopen Crm 1050g,19,278.88
20090000551,Unspecified Stkntte 4.5cm x 1m Elasctd Tublr Band,6,16.8
1108010C0AAAEAE,Acetylcy_Eye Dps 10%,1,88.59
091200000BDVAA0,Hyperiforce_St.John's Wort Tab,1,13.38
091200000BEQMFJ,Natures Aid_Glucosam Sulf Tab 1g +Vit C,1,0.91
20090000816,Coverflex 10.75cm x 3m (Yellow)Stkntte Elasctd Viscose Tublr,3,38.43
0206010K0AAALAL,Isosorbide Mononit_Oral Soln 20mg/5ml,3,1138.49
091000000BBSXA0,Antox Version 1.2_Tab,96,4316.02
0601040I0BBADAD,GlucoGel_Gel 40% (Original),8332,86956.69
21300000850,Blephaclean Eye Lid Wipe,3237,34957.81
21220000236,Cetraben Crm 1050g,2364,30384.37
090402000BBJLA0,Pro-Cal_Pdr Sach 15g,454,20995.31
21220000281,Hydromol Intensive Crm 10% 100g (App),2141,16705.07
0302000N0BBAZBC,Flixotide_Evohaler 250mcg (120 D),1449,66714.44
21220000231,Cetraben Lot 500ml,2702,16829.76
23800108015,Hollister_Adapt Paste 60g,209,1991.72
091000000BBNBA0,Centrum Advance 50+_Multivit/Mineral Tab,1403,5500.69
20090000502,Tubifast 2-Way Stch 5cm x 5m (Green) Stkntte Elasctd Viscose,208,2063.8
21220000219,Fifty:50 Oint,1848,7251.57
130201000BBKJCD,Oilatum Jnr_Crm,749,3130.38
21140000018,OptiLube Active Ster Syrg Lubricant Gel 11ml,2006,6866.04
21300000133,PF Drops Sod Chlor 5% Eye Dps 10ml P/F,207,6778.8
091000000BBNAA0,Vega_ZM3 Multivit/Min V/Cap,286,1062.83
090402000BBHCA0,Nutrison Pack_Stnd,331,77258.79
21220000245,Emelpin Oint 500g,25,99.25
21220000297,Ultraveen Itch Relief Crm 500ml,96,1171.3
140400050AAABAB,Varicella_Vac Live 0.5ml Soln Vl + Dil,31,1283.57
21230000108,Gynomunal Vag Moist 50ml Tube,39,423.47
091200000BEKBA0,Seven Seas_JointCare Active Cap,3,38.76
0902012H0BWABA0,O.R.S Oral Rehyd Salts_Tab Solb B/Crrt,51,477.48
091200000BEAWDJ,Valupak_Glucosamine Sulf Cap 500mg,11,15.99
1003020ADBBAAAA,Atrogel Arnica_Gel,10,94.06
20090000470,easiGRIP 7.5cm x 1m Stkntte Elasctd Tublr Band,15,61.71
0906040G0AABQBQ,"Colecal_Cap 30,000u (Old)",2,36.98
0401010ADAABGBG,Melatonin_Oral Soln 4mg/5ml,2,474.89
0403010V0AAANAN,Nortriptyline_Oral Soln 10mg/5ml,2,1070.77
1202010T0AAABAB,Triamcinol Aceton_Aq Nsl Spy 55mcg(30D),1,6.02
20090000331,Comfigrip 6.25cm x 1m Stkntte Elasctd Tublr Band,2,2.2
091200000BCUBA0,Efamol_Efalex Brain For Cap,3,22.18
0902021S0BBAYAZ,Baxter_Viaflo Sod Chlor I/V Inf 0.9% 1L,3,117.7
090504700BBFDBC,HealthAid_Selenium Tab 200mcg,1,1.95
0406000B0AAADAD,Betahistine HCl_Oral Soln 8mg/5ml,2,172.09
21300000701,Blumont Carbomer 0.2% Eye Gel,8053,29582.0
130201100BBBAAN,Dermol Wash_Cutaneous Emuls,5273,28375.15
21300000119,Tear-Lac Hypromellose Eye Dps 0.3% P/F,1885,15138.0
20100000596,Hypafix 5cm x 5m Surg Adh Tape Perm Non-Wov Syn,550,1318.68
21230000102,ReplensMD Vag Moist 12D Pack,1400,24515.66
21220000270,AquaDerm Hydrous Oint,284,1625.97
21140000016,OptiLube Ster Lubri Jelly,1634,7115.08
20100000737,Chemifix 5cm x 10m Surg Adh Tape Perm Non-Wov Syn,30,70.0
20090000496,Acti-Fast 2-Way Stch 7.5cmx5m (Blue) Stkntte Elasctd V/Tublr,853,5539.37
0302000K0BIACAM,Fobumix_Easyhaler 160mcg/4.5mcg (120 D),2044,53955.98
20100000230,Imperm Plas 2.5cm x 5m Surg Adh Tape,48,346.32
21300000177,Carmellose 1% Eye Dps 0.4ml Ud P/F,785,4861.0
21130000101,Optiflo G Cath Maint Soln 100ml,1159,32676.48
21210000023,Salivix Spy 50ml,307,1793.4
21230000116,YES WB water-based Vaginal Lubricant Pf Applic,608,6789.08
21230000118,YES VM Vag Moist Pf Applic,1113,12505.62
21220000234,Cetraben Crm 150g,3719,19309.39
0202010P0AAAFAF,Indapamide_Tab 1.5mg M/R             @gn,20,53.34
0302000U0BBACAC,Alvesco 160_Inh 160mcg (60 D) CFF,391,8747.43
20090000341,Comfigrip 12cm x 1m Stkntte Elasctd Tublr Band,34,321.93
110801000BLASA0,Systane_Lid Wipes,264,2417.41
20040200130,Absorbent Cott Gz 90cm x 10m Ster,12,287.04
21220000251,Isomol Gel 100g,1572,7973.8
090602800BBECA0,Berocca_Tab Eff (Orange),29,258.99
21220000118,Flexitol 10% Urea Crm 500g,1743,20777.78
21220000309,ExoCream 500ml,1211,5056.0
21300000151,Cellusan 1% Carmellose Eye Dps 0.4ml Ud P/F,101,561.0
23150701501,Dansac_Skin Lot Cleanser 200ml,82,2325.37
091000000BBWAA0,Valupak_Pregnancy Tab,66,361.88
0104020H0AAAEAE,Co-Phenotrope_Tab 2.5mg/25mcg (Spec),41,13483.67
23450704502,Dansac_Nodor S Deod 250ml,47,1072.7
21300000131,Melophthal 0.5% Carmellose Eye Dps 0.4ml Ud,34,375.67
20090000493,Acti-Fast 2-Way Stch 5cm x 5m(Green) Stkntte Elasctd V/Tublr,31,203.06
21210000015,A.S Saliva Orthana Spy Refill 500ml (App),81,3392.73
091101000BBQPFF,Solgar_L-Glutamine V/Cap 500mg,1,87.03
131500000BBNGA0,MooGoo_Irritable Skin Balm,32,398.35
0902012L0AADDDD,Sod Chlor_Oral Soln 292.5mg/5ml,150,29949.76
20010000202,Absorbent Cott Wool HQ 500g,22,110.04
20030500122,Cutimed Gel 25g Wound Dress H/Gel Ster,3,30.1
0203020D0AAAUAU,Amiodarone HCl_Oral Soln 100mg/5ml,9,989.22
091200000BEWCA0,Lamb_St Johns Wort Tab,4,75.16
0402010ABAAALAL,Quetiapine_Oral Soln 50mg/5ml,2,449.74
090504700BBEYBK,Vega_Selenium V/Cap 200mcg,4,19.79
091101000BBCHFP,Lamb_L-Phenylalanine Cap 500mg (8321),3,17.83
20090001026,Comfifast MultiStretch 2-way Stch 5cmx3m (Green) Stkntte,3,10.5
0902021S0BBACCJ,Baxter_Viaflo Sod Chlor I/VInf 0.9%100ml,2,63.0
1108010F0AABDBD,Hypromellose_Eye Dps 1%              @gn,3,5.69
0407020A0AABNBN,Fentanyl_Nsl Spy 100mcg (8D),7,1787.52
0908010Z0BDAAAC,Bio-Carnitine_Cap 250mg,2,44.59
0906011H0AAAJAJ,Cod Liver Oil_Cap 526mg,1,3.83
0301011V0AAALAL,Terbut Sulf_B/A Inha 500mcg (100 D),1,16.6
120202000BJBFAN,Happinose_Nsl Decongestant Balm,1,2.14
20090000811,Coverflex 7.5cm x 3m (Blue) Stkntte Elasctd Viscose Tublr,2,8.67
23806108007,Medline_Remedy Barrier Moist Crm 118ml,1,5.95
0206010F0AACHCH,Glyceryl Trinit_Sub A/Spy 400mcg (200D),3259,13404.23
21220000230,Zerodouble Gel,24672,137567.1
21220000313,Diprobase Crm 50g (App),4298,32178.72
090401000BBRBA0,Vital 1.5kcal_Liq (Vanilla),523,230635.92
0603020AAAAABAB,Dexameth Phos (Base)_Inj 3.3mg/ml 1mlAmp,841,23021.33
22600506005,Bard_Uriplan One MT Drain Bag 2L (30 Dev),3715,39486.71
21220000283,Adex gel 500g,3138,20608.29
20090000220,Tubigrip 10cm x 1m Stkntte Elasctd Tublr Band,580,2872.29
21220000280,Hydromol Intensive Crm 10% 30g (App),355,912.45
090402000BBIVA0,PaediaSure_Liq (3 Flav),1171,168131.11
21130000105,Optiflo S Cath Maint Soln 100ml,2147,52270.95
20100000636,Scanpor 2.5cm x 10m Surg Adh Tape Perm Non-Wov Syn,727,1838.85
20010000103,Absorbent Cott Wool BP 500g,120,1008.68
20090000212,Tubigrip 6.25cm x 1m Stkntte Elasctd Tublr Band,71,208.15
1302020E0AAAKAK,Zn & Castor Oil_Crm,12,58.04
090401000BBSQA0,PKU Air20_Liq (Gold),21,14490.0
20090000452,Unspecified Stkntte 6.25cm x 1m Elasctd Tublr Band,74,152.25
1404000H0AAAFAF,Influenza_Vac Surf/Antgn Inact 0.5ml Pfs,7,57.63
20100000748,Hypafix skin sensitive 10cm x 5m Surg Adh Tape Soft Slc Fix,50,1229.69
0601040I0BDADA0,GSF-Syrup_Gel Sach 18g (Tropical),14,301.33
1404000F0BMAAAX,Repevax_Vac 0.5ml Pfs,52,1040.0
090401000BBQMA0,PKU-gel_Gel Sach 24g (Unflav),61,32979.66
090401000BBIEA0,Maxijul Super Solb_Pdr Sach 132g,164,7190.38
1502010ABBBAAAA,Scandonest_Spec Inj 2% 2.2ml Cart,57,34.75
0204000V0AAABAB,Timolol_Tab 10mg                 @gn,2,77.12
1311050V0BBAAAA,T.C.P._Liq,7,32.93
140400030AAAGAG,Hepat A_Vac 50u/ml 1ml Pfs,1,18.1
20090000468,easiGRIP 6.75cm x 1m Stkntte Elasctd Tublr Band,9,13.09
091200000BFLJA0,Perfectil_Tab,1,5.48
110801000BLARA0,Supranettes_Ster Eye Cleansing Wipes,1,14.97
0407020A0AABSBS,Fentanyl_Nsl Spy 50mcg/0.1ml Ud (6D),1,59.5
091200000BDGPEC,Joint-Flex Daily_Tab,10,127.98
040801060AACKCK,Clobazam_Tab 10mg                    @gn,1,7.28
0408010H0BBAHAC,Lamictal_Tab 25mg (Monotherapy),1,9.8
0409020N0AAAIAI,Orphenadrine HCl_Tab 50mg,29,311.92
1003020AAAAAEAE,Capsaicin_Crm 0.025% (Spec),8,274.62
0906025P0BDAABF,Biocare_Vit B2 V/Cap 50mg (Riboflavin),4,35.68
20090000911,Easifast 7.5cm x 3m (Blue) Stkntte Elasctd Viscose Tublr,1,2.61
1001040P0AAABAB,Sulfinpyrazone_Tab 200mg  (OLD),7,1448.57
1002020J0AAARAR,Dantrolene Sod_Oral Soln 25mg/5ml,4,183.08
21210000021,Glandosane A/Spy 50ml (App),11345,102160.48
20090000503,Tubifast 2-Way Stch 7.5cm x 5m (Blue) Stkntte ElasctdViscose,1639,12799.88
21220000235,Cetraben Crm 500g,94487,636215.76
20090000947,CliniFast 10.75cm x 5m (Yellow) Stkntte Elasctd ViscoseTublr,5959,90760.04
20090000218,Tubigrip 8.75cm x 1m Stkntte Elasctd Tublr Band,492,2879.7
20030500010,IntraSite Gel 15g Wound Dress H/Gel Ster,125,1995.45
23806558002,Fontus_AproDerm Barrier Crm 100g,3810,27346.0
090402000BBKLA0,Peptamen_Dripac-Flex Liq (Unflav),112,43216.12
0206010F0BWABCJ,Nitromin_P/Spy 400mcg (200 D),3017,8571.73
0107010I0BBAAAI,Preparation H_Clr Gel 50%,94,414.2
21220000137,EmulsifEss Oint 500g,96,404.94
090401000BBQLA0,PKU-gel_Gel Sach 24g (Rasp),41,21125.22
21300000126,Alissa Carmellose 0.5% Eye Dps 0.4ml Ud P/F,1577,18899.28
21220000127,AproDerm Emollient Crm 500g,6928,37813.2
090401000BBJGA0,Calogen_Emuls (Sbery),873,50648.04
21300000160,Medicom Carmellose 0.5% Eye Dps 0.4ml Ud P/F,327,3822.99
20031700017,Flaminal Hydro 50g Tube Wound Dress Protease Matrix,466,21061.7
090401000BBSVA0,PKU Anamix Jnr_Pdr Sach 36g (Choc),17,6443.7
20030500101,Iodoflex Paste 10g Wound Dress H/Gel Ster,518,16325.76
0206010F0AABLBL,Glyceryl Trinit_Subling Spy 400mcg(180D),5,14.87
091200000BEXXA0,Equazen Eye Q_Liq (Citrus),6,51.03
20030500050,Purilon Gel 15g Wound Dress H/Gel Ster,24,316.24
23301023199,Kavendor_Comfizz Stoma Support Wear Unisex Boxer Blk Med/Lge,20,658.54
21300000159,PF Drops Hypromellose 0.3% Eye Dps 10ml P/F,124,1012.0
21220000298,AproDerm Oint 50g,97,320.45
21220000253,HypoBase Gel 500g,69,460.57
0602010M0AAAPAP,Liothyronine Sod_Tab 25mcg,12,696.71
091200000BFLZFN,Omega-7 Sea Buckthorn Oil_Cap,10,110.54
20090000335,Comfigrip 7.5cm x 1m Stkntte Elasctd Tublr Band,19,67.83
0205052N0AAAEAE,Losartan Pot_Oral Soln 50mg/5ml,16,2337.27
20100000637,Scanpor 5cm x 10m Surg Adh Tape Perm Non-Wov Syn,129,508.64
20031400062,Alhydran Crm 250ml Wound Dress,8,891.45
091000000BBKBA0,Premier_Multivit & Iron Tab,2,2.39
0408010G0AAATAT,Gabapentin_Oral Soln 250mg/5ml,4,310.12
0101012B0AABWBW,Sod Bicarb_Oral Soln 420mg/5ml,15,7212.37
130201000AACPCP,Liq Paraf 50%/Emulsif 50%_Oint (Old),4,1287.94
20090000472,easiGRIP 8.75cm x 1m Stkntte Elasctd Tublr Band,31,193.28
091000000BBLTA0,Lloyds_Multivit + Iron Tab,1,0.46
1002010Q0AAAIAI,Pyridostig Brom_Liq Spec 60mg/5ml,1,68.16
20090000912,Easifast 7.5cm x 5m (Blue) Stkntte Elasctd Viscose Tublr,14,108.48
20030300049,Melloxy 20g Wound Dress H/Base Top Applic,2,7.96
0906012B0BTABAC,Lamb_Natur Beta Carotene Cap 15mg (8018),1,32.1
0403010B0AAA6A6,Amitriptyline HCl_Liq Spec 10mg/5ml,8,1178.42
0410020B0AABKBK,Nicotine_Chewing Gum 2mg S/F (Freshmint),1,3.38
20090000774,Eesiban ESTS 10cm x 1m Stkntte Elasctd Tublr Band,2,45.0
0106010E0AAAIAI,Ispag Husk_Pdr Sach 3.4g Lem/Lim S/F,1,11.32
20090000466,easiGRIP 6.25cm x 1m Stkntte Elasctd Tublr Band,2,2.24
091200000BFKIDW,Natures Aid_Glucosam Sulf Tab 1.5g,1,2.84
1404000ARBBAAAA,Ixiaro_Vac 0.5ml Pfs,3,297.5
1001010J0CMABAD,Lloyds_Ibuprofen Capl 200mg,1,8.42
1501020R0BCAIA0,Entonox_Cylinder Size ED 700L,5,1694.4
1501020R0BCAAAH,Entonox_Cylinder Size D 500L,1,42.3
1202020L0AACCCC,Sod Chlor_Inh Soln 0.9% 2.5ml Ud Amp,8081,279162.33
21230000105,ReplensMD Vag Moist 35g Tube,7674,61139.34
090402000BBZIA0,Aymes Shake_Pdr Sach 57g (Sbery),4714,94272.6
21140000020,Hydro-Caine Syrg Lubricant Gel 11ml,1398,4310.28
0906040G0AABEBE,"Colecal_Cap 2,200u (Old)",32,2340.56
21220000257,ExoCream 125g,87,361.15
0408010W0AAA2A2,Sod Valpr_Tab 500mg M/R,9540,145048.52
090402000BBLMA0,Nutrison Pack_Energy M/Fibre,2082,666942.32
20090000498,Acti-Fast 2-Way Stch 10.75cmx3m(Yell)Stkntte Elasctd V/Tublr,110,772.52
20090000504,Tubifast 2-Way Stch 10.75cm x 5m YellowStkntteElasctdViscose,1859,24735.09
21300000114,Mandanol Hypromellose Eye Dps,42,73.15
0301011R0AACACA,Salbutamol_Pdr For Inh 200mcg (200 D),339,2811.12
1203040E0AAACAC,Chlorhex Glucon_Mthwsh (Mint) 0.2%,38,217.82
20090000460,Unspecified Stkntte 10cm x 1m  Elasctd Tublr Band,436,1593.82
23150101507,Hollister_Adapt No-Sting Medical Adh Remover A/Spy 100ml,645,16556.93
0303020Z0AAAAAA,Zafirlukast_Tab 20mg (Old),21,421.57
20100000738,Chemifix 10cm x 10m Surg Adh Tape Perm Non-Wov Syn,23,58.8
20090000480,Comfifast 5cm x 3m (Green) Stkntte Elasctd Viscose Tublr,18,48.6
21160000021,Stericlens Sod Chlor Top Irrig A/Spy 240ml,581,2375.1
20100000635,Scanpor 1.25cm x 10m Surg Adh Tape Perm Non-Wov Syn,8,11.76
20030300026,L-Mesitran Oint 50g Wound Dress H/Base Top Applic,40,643.5
1502010ABBBABAB,Scandonest_Plain Inj 3% 2.2ml Cart,169,116.11
20040200120,Absorbent Cott Gz 90cm x 5m Ster,17,222.72
23453374521,Respond_Neutralise Mint P/Spy 100ml,77,872.59
21140000017,OptiLube Active Ster Syrg Lubricant Gel 6ml,790,3457.65
0304020ABBBAAAA,"Grazax_Oral Lyophilisate Tab 75,000 SQ-T",111,11724.24
0603020AAAAAAAA,Dexameth Phos (Base)_Inj 3.3mg/ml 2ml Vl,58,3135.2
20090000940,CliniFast 7.5cm x 3m (Blue) Stkntte Elasctd Viscose Tublr,187,647.15
20090000458,Unspecified Stkntte 8.75cm x 1m Elasctd Tublr Band,406,1520.4
091000000BBUWA0,Multibionta_50+ Multivit Tab,9,47.32
21220000265,Enopen Crm 150g,35,171.14
0905013F0BGAAAB,Vega_Mag Cit V/Cap 100mg,30,205.18
091200000BDGDA0,Efamol_Efalex Brain For Liq,8,95.97
091000000BBWTA0,BioCare_Adult Multivit & Mineral Cap,74,464.97
1311020G0BCASAM,Baxter_Chlorhex Acet Top Irrig 0.05% 1L,1,8.9
140400030AAAEAE,Hepat A_Vac 320u/ml 0.5ml Pfs,19,412.68
20090000683,CLINIgrip 12cm x 1m Stkntte Elasctd Tublr Band,1,1.5
0204000M0AAAGAG,Nadolol_Oral Soln 20mg/5ml,6,737.39
091000000BBWBA0,Lloyds_A-Z Multivit + Mineral Tab,7,2.08
090501100BBDAAZ,HealthAid_Calc Chble Tab 600mg,1,17.84
0704020J0AAAKAK,Oxybutynin HCl_Oral Susp 2.5mg/5ml,3,636.14
1001010C0AAAVAV,Diclofenac Sod_Oral Soln 50mg/5ml,5,410.93
0307000C0BPAAAK,Solgar_N-Acetyl-L-Cysteine V/Cap 600mg,2,176.88
0212000F0AAAMAM,Colestyramine_Pdr Sach 4g           @gn,1,41.42
090607000BBHBBB,Superdrug_Multivit Tab,1,1.99
090402000BBTBA0,Supportan_Drink (Tropical Fruits),2,225.6
091200000BDNBA0,HealthAid_St Johns Wort Tab 500mg,1,11.99
0204000T0AAATAT,Sotalol HCl_Oral Soln 25mg/5ml,2,99.01
0906026M0AAAGAG,Thiamine HCl_Tab 100mg,216610,546200.82
21300000712,Medicom Carbomer 0.2% Eye Gel 10g,982,3469.2
21220000285,ExCetra Crm 500g,12019,39057.35
21220000242,Epimax Crm 500g,72203,192340.7
1306030A0BBAAAA,Mirvaso_Gel 3mg/g,263,10578.66
0302000U0AAACAC,Ciclesonide_Inh 160mcg (60 D) CFF,1404,32267.01
0410030A0AAACAC,Buprenorphine_Tab Subling 400mcg S/F,4808,34753.41
1301010W0BBAAAB,Lansinoh Lanolin_Oint,44,415.13
21220000240,Cetraben Oint 450g,7582,49090.88
23803068006,Medicareplus_Medi Derma-S Barrier Crm 28g,6240,25866.4
21220000109,Emollin Emollient Aero 150ml,1182,6974.39
090402000BBGYA0,Nutrison Pack_Energy,1236,343100.29
1202010A0BBADAB,Rhinolast_Nsl Spy 140mcg (136 D) 22ml,599,7140.0
21220000117,Flexitol 10% Urea Crm 150g,2527,14615.0
23150101506,Hollister_Adapt No-Sting Medical Adh Remover A/Spy 50ml,1494,28876.05
21220000301,Epimax Oatmeal Crm 500g,5164,17065.9
0401010ADAADBDB,Melatonin_Oral Susp 5mg/5ml,153,15740.39
090402000BBNGA0,Nutrison Pack_1200 Complete M/Fibre Liq,764,243498.56
21300000302,Xailin Fresh 0.5% Carmellose Eye Dps 0.4ml Ud,4176,36969.33
0605020E0AAAQAQ,Desmopressin Acet_I/Nsl Spy 10mcg (60 D),2138,78191.19
20100000539,Clinipore 2.5cm x 10m Surg Adh Tape Perm Non-Wov Syn,566,955.06
20031400022,Kelo-cote Gel 60g Wound Dress Slc,72,4029.0
20030300022,Medihoney A-Bact Wound Gel 20g Wound Dress H/Base Top Applic,285,3686.87
20090000508,Tubifast 2-Way Stch 10.75cm x 3m YellowStkntteElasctdViscose,141,1128.47
040702040AAADAD,Tramadol HCl_Tab 150mg M/R,950,15505.25
21300000127,Carmize 0.5% Carmellose Eye Dps 0.4ml Ud P/F,546,6415.06
090401000BBSWA0,PKU Anamix Jnr_Pdr Sach 36g (Neutral),49,18919.8
010701000BJBGAC,Preparation H_Oint,75,274.8
21220000264,Enopen Crm 50g,32,138.6
0403010F0AAAGAG,Clomipramine HCl_Tab 75mg M/R (Old),65,985.84
21230000121,Feminesse Vag Moist Pf Applic,19,198.0
0906025P0BJAABF,Lamb_Riboflavin (Vit B2) Cap 50mg (8043),21,107.5
21220000292,Dermatonics Once Callus Removing Balm 200ml,37,351.5
0401010ADAAAQAQ,Melatonin_Tab 3mg M/R,21,2657.94
090401000BBQKA0,PKU-gel_Gel Sach 24g (Orange),38,20669.28
091200000BEWDDG,Valupak_Glucosamine Sulf Tab 500mg,69,169.63
1202010M0BDACAA,Pirinase_Hayfever Nsl Spy 0.05% (120 D),5,40.8
21220000132,Dermatonics Dry Skin Balm 500ml,106,1257.25
21300000155,SoftDrops 0.3% Hypromellose Eye Dps 10ml,3,5.01
090401000BBJFA0,Neocate Advance_Pdr Sach 100g (Unflav),8,2404.96
090402000BBHDA0,Nutrison Pack_Low Sod,10,6390.62
090402000BBHSA0,Nutrison MCT Pack_Liq (1 Flav),10,3408.56
21140000029,LINC Syrg Lubricant Gel 12ml,43,84.15
0203020D0AAAYAY,Amiodarone HCl_Oral Soln 50mg/5ml,9,1767.23
20030500121,Cutimed Gel 15g Wound Dress H/Gel Ster,5,27.3
091000000BBXIA0,Centrum Men_Tab,1,1.18
20031400061,Alhydran Crm 100ml Wound Dress,3,105.78
1404000F0BNABBB,Infanrix-IPV + Hib_Vac C/Pk Pfs + Pdr Vl,2,55.72
130202000BBBGA0,Derma Shield_Skin Prote Mousse 500ml,2,54.88
091101000BBUDFV,Lamb_L-Arginine Tab 1g,1,64.9
0906040G0AACACA,Colecal & Calc_Tab Chble 400u/1.5g (Lem),5,18.25
21300000120,Carmellose 1% Eye Dps 0.4ml Ud,1,3.0
21140000026,Cathejell Lidocain Lubricant Gel 12.5g,1241,4019.4
21300000702,Clinitas Carbomer Eye Gel,48480,102789.14
0206010F0BFADCI,Nitrolingual_P/Spy 400mcg (180 D),3054,9730.9
21220000274,Hydromol Sod Pidolate Crm 2.5% 100g (App),1173,8059.73
091200000BFLHA0,Ocuvite_Lutein Cap,488,2888.59
0501011P0AAAFAF,Phenoxymethylpenicillin_Soln 250mg/5ml,21354,223958.71
090402000BBMXA0,Tentrini Pack_G/F Energy M/Fibre Feed,375,149386.83
21220000133,Ovelle Emulsif Oint 500g (App),1368,6552.03
21140000008,Cathejell Lidocaine C Lubricant Gel 12.5g,5545,20175.36
1003020P0AAAGAG,Ibuprofen_Spy 5% 35ml,217,971.48
1310020A0BBACAA,Loceryl_Nail Lacquer Kit 5% 2.5ml,127,1052.7
091000000BBWQA0,Viteyes 2 Formula_Cap,134,2659.85
0906025P0BLAABM,HealthAid_Vit B2 Tab 100mg M/R,25,224.06
20090001037,Comfifast MultiStretch 2-way Stch 10.75cmx5m (Yell) Stkntte,536,7480.24
1404000F0BPAAAX,Boostrix-IPV_Inj 0.5ml Pfs,228,5366.64
23453374511,Respond_Neutralise Apple P/Spy 100ml,137,1538.22
21140000013,OptiLube Ster Syrg Lubricant Gel,384,1132.14
0301011E0AAAEAE,Formoterol Fumar_Pdr For Inh 12mcg(120D),166,4465.0
20090000826,Tubifast 2-Way Stch 20cm x 5m (Purple) StkntteElasctdViscose,83,3752.4
091000000BBPFA0,Valupak_Multivit & Iron Tab OAD,358,141.97
20090000214,Tubigrip 6.75cm x 1m Stkntte Elasctd Tublr Band,103,370.54
20090000917,Easifast 10.75cm x 5m(Yellow) Stkntte Elasctd Viscose Tublr,18,267.51
0902012L0BCABDD,SodiClor_Oral Soln 292.5mg/5ml,89,13097.58
090501300BBDGBI,Biocare_Mag Malate V/Cap 250mg,11,76.8
20070000110,Lint Absorbent 100g,4,26.91
090402000BBMWA0,Tentrini Pack_G/F Feed,70,24010.8
090607000BBGYBB,Lloyds_Multivit Tab,8,1.92
0403020M0AAACAC,Phenelzine Sulf_Tab 15mg (Spec),92,47265.06
090401000BBSPA0,PKU Air15_Liq (Gold),9,3024.0
140400030AAAFAF,Hepat A_Vac 50u/ml 0.5ml Pfs,30,442.2
20090001253,Flexifast 10.75cm x 5m (Yellow)Stkntte Elasctd Viscose Tublr,4,54.4
0309020H0AAAGAG,"Glycerol,Lem,Honey & Glucose_Syr",12,17.71
0410030C0AAAEAE,Methadone HCl_Mix 1mg/1ml C/F,4,275.59
0902012H0BWAAA0,O.R.S Oral Rehyd Salts_Tab Solb Lem,7,106.65
20030500026,Octenilin Wound Gel 250ml Wound Dress H/Gel Ster,12,552.0
090401000BBCCA0,PKU Maxamaid_Pdr (Orange),1,609.2
091200000BFSKA0,Ucalm_St Johns Wort Tab 300mg,2,36.26
091200000BFDSDJ,BR Pharm_Glucosamine Sulf Cap 500mg,3,13.0
21220000315,Ovelle Cetomacrogol Crm (Formula A) 500g,1,2.99
0902012L0AABCBC,Sod Chlor_Liq Spec 1.46g/5ml,2,443.54
1202010C0AAACAC,Beclomet Diprop_Aq Nsl Spy 50mcg (100 D),1,3.49
23102951015,M.Sauer_Syn Skin Adh + Brush,1,33.58
0204000K0AAATAT,Metoprolol Tart_Oral Susp 50mg/5ml,2,909.38
0902021S0BBAACQ,Baxter_Viaflo Sod Chlor I/V Inf 0.9%50ml,2,67.8
091200000BFJJDY,Power_Glucosamine Sulf Tab 1g,1,12.4
090607000BBIWA0,Dialyvit_Tab,4,550.66
